content_id,id,keyword
542770,1,book
542770,2,read
542770,3,picture
542770,4,stacked
542770,5,awais
542769,1,indian
542769,2,food
542769,3,lamb
542769,4,biryani
542769,5,tom
542765,1,blood
542765,2,paul
542765,3,donating
542765,4,life
542765,5,donor
542764,1,vaccine
542764,2,delta
542764,3,strain
542764,4,variant
542764,5,protection
542762,1,actor
542762,2,film
542762,3,passport
542762,4,renewal
542762,5,order
542761,1,flood
542761,2,spider
542761,3,area
542761,4,home
542761,5,south
542760,1,actor
542760,2,pearl
542760,3,bail
542760,4,television
542760,5,co
542759,1,song
542759,2,krk
542759,3,mika
542759,4,singh
542759,5,please
542758,1,police
542758,2,abuzar
542758,3,asked
542758,4,officer
542758,5,artist
542757,1,covid
542757,2,delhi
542757,3,national
542757,4,opd
542757,5,doctor
542756,1,ambulance
542756,2,police
542756,3,hospital
542756,4,drove
542756,5,incident
542755,1,stray
542755,2,need
542755,3,fadette
542755,4,kochi
542755,5,love
542754,1,character
542754,2,chellam
542754,3,amazon
542754,4,prime
542754,5,maker
542752,1,read
542752,2,delhi
542752,3,covid
542752,4,report
542752,5,year
542749,1,state
542749,2,covid
542749,3,tourism
542749,4,tourist
542749,5,vaccinated
542747,1,apple
542747,2,imac
542747,3,issue
542747,4,device
542747,5,complaining
542746,1,car
542746,2,tesla
542746,3,vehicle
542746,4,controller
542746,5,video
542745,1,cherry
542745,2,known
542745,3,state
542745,4,harvesting
542745,5,popularly
542744,1,mud
542744,2,urvashi
542744,3,rautela
542744,4,bath
542744,5,skin
542743,1,paper
542743,2,mill
542743,3,employee
542743,4,june
542743,5,cachar
542741,1,boat
542741,2,paul
542741,3,crocodile
542741,4,osama
542741,5,child
542740,1,video
542740,2,dad
542740,3,dance
542740,4,daughter
542740,5,heart
542739,1,rahul
542739,2,number
542739,3,plate
542739,4,show
542739,5,dhaba
542738,1,boy
542738,2,ricky
542738,3,sneve
542738,4,sibling
542738,5,eufers
542737,1,neena
542737,2,life
542737,3,gupta
542737,4,marry
542737,5,story
542736,1,climate
542736,2,change
542736,3,javadekar
542736,4,air
542736,5,extreme
542735,1,snail
542735,2,birth
542735,3,find
542735,4,rare
542735,5,scientist
542734,1,professional
542734,2,shoup
542734,3,sexual
542734,4,request
542734,5,cuddler
542733,1,elephant
542733,2,forest
542733,3,instance
542733,4,tea
542733,5,garden
542731,1,pichai
542731,2,euro
542731,3,sundar
542731,4,cricket
542731,5,poll
542730,1,girl
542730,2,urdu
542730,3,word
542730,4,marriage
542730,5,police
542729,1,kirron
542729,2,kher
542729,3,cancer
542729,4,week
542729,5,ago
542728,1,iggys
542728,2,iggy
542728,3,rosangzuala
542728,4,mizoram
542728,5,mizo
542727,1,narwal
542727,2,court
542727,3,bail
542727,4,student
542727,5,tanha
542725,1,film
542725,2,role
542725,3,aamir
542725,4,tv
542725,5,team
542725,1,film
542725,2,role
542725,3,aamir
542725,4,tv
542725,5,team
542723,1,film
542723,2,lagaan
542723,3,actor
542723,4,journey
542723,5,team
542722,1,tiger
542722,2,road
542722,3,habitat
542722,4,wildlife
542722,5,corbett
542721,1,press
542721,2,leg
542721,3,eddie
542721,4,kg
542721,5,video
542720,1,test
542720,2,agency
542720,3,sample
542720,4,haridwar
542720,5,number
542718,1,bhutan
542718,2,country
542718,3,pandemic
542718,4,king
542718,5,border
542717,1,event
542717,2,vaccine
542717,3,death
542717,4,covid
542717,5,adverse
542713,1,health
542713,2,worker
542713,3,medical
542713,4,mental
542713,5,care
542711,1,gadar
542711,2,film
542711,3,utkarsh
542711,4,sequel
542711,5,sharmas
542709,1,world
542709,2,side
542709,3,cup
542709,4,met
542709,5,semi
542708,1,vedic
542708,2,sanskar
542708,3,education
542708,4,rajasthan
542708,5,government
542707,1,meteor
542707,2,image
542707,3,green
542707,4,song
542707,5,light
542704,1,ball
542704,2,cricket
542704,3,movie
542704,4,wrong
542704,5,match
542703,1,yamuna
542703,2,delhi
542703,3,river
542703,4,detergent
542703,5,discharge
542702,1,police
542702,2,accused
542702,3,woman
542702,4,hospital
542702,5,official
542699,1,police
542699,2,restaurant
542699,3,burger
542699,4,officer
542699,5,incident
542698,1,renewal
542698,2,passport
542698,3,order
542698,4,report
542698,5,fir
542695,1,variant
542695,2,delta
542695,3,antibody
542695,4,mutation
542695,5,sars
542694,1,dog
542694,2,love
542694,3,human
542694,4,pet
542694,5,toddler
542692,1,vaccine
542692,2,novavax
542692,3,covid
542692,4,company
542692,5,efficacy
542691,1,state
542691,2,tourist
542691,3,covid
542691,4,shimla
542691,5,himachal
542690,1,covid
542690,2,brother
542690,3,parent
542690,4,smita
542690,5,baby
542689,1,prasad
542689,2,wasan
542689,3,well
542689,4,galti
542689,5,karne
542687,1,liquor
542687,2,shop
542687,3,tamil
542687,4,state
542687,5,nadu
542686,1,petition
542686,2,lisa
542686,3,mona
542686,4,bezos
542686,5,jeff
542685,1,covid
542685,2,delta
542685,3,variant
542685,4,vaccine
542685,5,lowest
542678,1,whatsapp
542678,2,update
542678,3,change
542678,4,user
542678,5,recent
542677,1,adani
542677,2,suchetadalal
542677,3,adanigroup
542677,4,scam
542677,5,share
542676,1,neha
542676,2,song
542676,3,kakkar
542676,4,music
542676,5,singer
542674,1,insult
542674,2,great
542674,3,day
542674,4,nation
542674,5,sushant
542672,1,siddhant
542672,2,chaturvedis
542672,3,parent
542672,4,pursue
542672,5,sushant
542671,1,belt
542671,2,hai
542671,3,mother
542671,4,ka
542671,5,dp
542667,1,singh
542667,2,sushant
542667,3,actor
542667,4,rhea
542667,5,rajput
542666,1,meet
542666,2,sonu
542666,3,sood
542666,4,twitter
542666,5,humbled
542663,1,airport
542663,2,mumbai
542663,3,international
542663,4,central
542663,5,terminal
542662,1,read
542662,2,covid
542662,3,child
542662,4,reported
542662,5,assam
542661,1,singh
542661,2,death
542661,3,investigation
542661,4,sushant
542661,5,rajput
542660,1,skylo
542660,2,satellite
542660,3,parth
542660,4,machine
542660,5,data
542658,1,adani
542658,2,cent
542658,3,group
542658,4,report
542658,5,ltd
542657,1,elephant
542657,2,jaldapara
542657,3,baby
542657,4,video
542657,5,tube
542655,1,community
542655,2,pandemic
542655,3,deepa
542655,4,nomadic
542655,5,donate
542653,1,among
542653,2,tribute
542653,3,put
542653,4,beloved
542653,5,actor
542652,1,chess
542652,2,anand
542652,3,kamath
542652,4,world
542652,5,game
542651,1,dharavi
542651,2,reported
542651,3,total
542651,4,mumbai
542651,5,covid
542650,1,jai
542650,2,ram
542650,3,incident
542650,4,shri
542650,5,samad
542648,1,deol
542648,2,gadar
542648,3,sunny
542648,4,ameesha
542648,5,patel
542646,1,bhojpuri
542646,2,film
542646,3,content
542646,4,industry
542646,5,uttar
542645,1,minister
542645,2,prime
542645,3,israel
542645,4,bennett
542645,5,modi
542643,1,district
542643,2,police
542643,3,motorcycle
542643,4,report
542643,5,liquor
542642,1,g
542642,2,network
542642,3,airtel
542642,4,mhz
542642,5,speed
542641,1,child
542641,2,covid
542641,3,report
542641,4,evidence
542641,5,third
542637,1,yacht
542637,2,dubai
542637,3,company
542637,4,pandemic
542637,5,want
542636,1,police
542636,2,village
542636,3,deuri
542636,4,tinsukia
542636,5,thief
542634,1,chip
542634,2,ai
542634,3,human
542634,4,method
542634,5,google
542633,1,yami
542633,2,film
542633,3,role
542633,4,girl
542633,5,fair
542631,1,delta
542631,2,variant
542631,3,covid
542631,4,health
542631,5,june
542630,1,prithviraj
542630,2,film
542630,3,title
542630,4,historical
542630,5,change
542629,1,billion
542629,2,nuclear
542629,3,spending
542629,4,weapon
542629,5,world
542628,1,student
542628,2,village
542628,3,lecture
542628,4,education
542628,5,year
542627,1,day
542627,2,sushant
542627,3,exist
542627,4,everyone
542627,5,rajput
542625,1,bitcoin
542625,2,tesla
542625,3,musk
542625,4,bitcoins
542625,5,allowing
542622,1,match
542622,2,djokovic
542622,3,racquet
542622,4,set
542622,5,boy
542620,1,sonu
542620,2,nigam
542620,3,show
542620,4,singer
542620,5,judge
542617,1,village
542617,2,sapling
542617,3,green
542617,4,couple
542617,5,resolved
542614,1,jalandhar
542614,2,need
542614,3,vaccination
542614,4,hospital
542614,5,commissioner
542613,1,family
542613,2,wife
542613,3,mizoram
542613,4,ziona
542613,5,child
542612,1,covid
542612,2,state
542612,3,himachal
542612,4,pradesh
542612,5,test
542611,1,eriksen
542611,2,cardiac
542611,3,christian
542611,4,arrest
542611,5,collapsed
542609,1,covid
542609,2,health
542609,3,tnn
542609,4,variant
542609,5,delta
542606,1,novak
542606,2,djokovic
542606,3,came
542606,4,set
542606,5,win
542602,1,vishwas
542602,2,priyadarshi
542602,3,limit
542602,4,airline
542602,5,kit
542599,1,video
542599,2,car
542599,3,city
542599,4,season
542599,5,mumbai
542596,1,mask
542596,2,animal
542596,3,face
542596,4,disposal
542596,5,video
542594,1,undertaker
542594,2,actor
542594,3,akshay
542594,4,fan
542594,5,film
542593,1,read
542593,2,door
542593,3,college
542593,4,bikaner
542593,5,country
542592,1,sita
542592,2,play
542592,3,kareena
542592,4,role
542592,5,khan
542591,1,eriksen
542591,2,game
542591,3,sight
542591,4,well
542591,5,player
542589,1,ayaansh
542589,2,disorder
542589,3,rare
542589,4,happy
542589,5,life
542588,1,sonu
542588,2,sood
542588,3,actor
542588,4,ia
542588,5,sushant
542587,1,oxygen
542587,2,micro
542587,3,forest
542587,4,child
542587,5,tree
542586,1,cpr
542586,2,chest
542586,3,life
542586,4,compression
542586,5,medical
542585,1,child
542585,2,district
542585,3,data
542585,4,covid
542585,5,patient
542582,1,lagaan
542582,2,film
542582,3,nearly
542582,4,release
542582,5,ashutosh
542581,1,temple
542581,2,police
542581,3,constructed
542581,4,village
542581,5,srivastava
542579,1,elephant
542579,2,video
542579,3,kumki
542579,4,trained
542579,5,wild
542578,1,neena
542578,2,gupta
542578,3,masaba
542578,4,never
542578,5,job
542576,1,market
542576,2,allowed
542576,3,number
542576,4,covid
542576,5,basis
542575,1,friend
542575,2,show
542575,3,love
542575,4,throwback
542575,5,indiatimesthe
542574,1,bolsonaro
542574,2,president
542574,3,state
542574,4,mask
542574,5,covid
542572,1,mother
542572,2,cab
542572,3,hospital
542572,4,tulasi
542572,5,learn
542570,1,family
542570,2,canadian
542570,3,london
542570,4,gathered
542570,5,muslim
542569,1,prasad
542569,2,wasan
542569,3,restaurant
542569,4,donation
542569,5,bank
542568,1,bat
542568,2,virus
542568,3,coronaviruses
542568,4,sars
542568,5,cov
542567,1,fire
542567,2,police
542567,3,kunj
542567,4,official
542567,5,rohingya
542566,1,vaccination
542566,2,door
542566,3,bikaner
542566,4,mobile
542566,5,team
542563,1,sushant
542563,2,singh
542563,3,rajput
542563,4,day
542563,5,bollywood
542561,1,job
542561,2,pandemic
542561,3,men
542561,4,degree
542561,5,mumbra
542559,1,plessis
542559,2,du
542559,3,gladiator
542559,4,quetta
542559,5,psl
542558,1,christian
542558,2,player
542558,3,denmark
542558,4,team
542558,5,match
542557,1,farmer
542557,2,another
542557,3,protest
542557,4,shed
542557,5,frame
542556,1,auction
542556,2,blue
542556,3,origin
542556,4,bezos
542556,5,space
542555,1,sonu
542555,2,sood
542555,3,effort
542555,4,pandemic
542555,5,helping
542552,1,vaccine
542552,2,plan
542552,3,say
542552,4,delivery
542552,5,flight
542548,1,show
542548,2,life
542548,3,family
542548,4,drama
542548,5,love
542543,1,shaikh
542543,2,child
542543,3,blood
542543,4,cop
542543,5,police
542542,1,ring
542542,2,proposal
542542,3,pani
542542,4,come
542542,5,puri
542541,1,khan
542541,2,nusrats
542541,3,pregnancy
542541,4,nikhil
542541,5,child
542539,1,total
542539,2,death
542539,3,read
542539,4,covid
542539,5,number
542538,1,test
542538,2,sehwag
542538,3,ball
542538,4,rohit
542538,5,cricket
542537,1,khan
542537,2,sita
542537,3,kapoor
542537,4,role
542537,5,maa
542536,1,village
542536,2,vaccination
542536,3,population
542536,4,achieved
542536,5,age
542535,1,chhetri
542535,2,international
542535,3,say
542535,4,sunil
542535,5,captain
542534,1,bank
542534,2,robbery
542534,3,ngo
542534,4,arrested
542534,5,york
542532,1,vaccine
542532,2,poonawalla
542532,3,government
542532,4,security
542532,5,sii
542530,1,little
542530,2,move
542530,3,folk
542530,4,boy
542530,5,dancing
542529,1,covid
542529,2,sonu
542529,3,sood
542529,4,try
542529,5,incredible
542528,1,child
542528,2,orphaned
542528,3,covid
542528,4,contact
542528,5,parent
542523,1,lockdown
542523,2,farmer
542523,3,produce
542523,4,mahto
542523,5,acre
542522,1,temple
542522,2,corona
542522,3,mata
542522,4,villager
542522,5,deadly
542521,1,packard
542521,2,whale
542521,3,swallowed
542521,4,lobster
542521,5,diver
542520,1,bollywood
542520,2,song
542520,3,krkkutta
542520,4,khan
542520,5,ki
542519,1,vaccination
542519,2,circle
542519,3,vaccine
542519,4,panchayat
542519,5,district
542518,1,doctor
542518,2,lost
542518,3,covid
542518,4,wave
542518,5,life
542510,1,dua
542510,2,chinna
542510,3,covid
542510,4,dr
542510,5,padmavati
542508,1,boy
542508,2,dolphin
542508,3,hand
542508,4,water
542508,5,food
542506,1,court
542506,2,dominica
542506,3,choksi
542506,4,company
542506,5,high
542505,1,district
542505,2,hospital
542505,3,incident
542505,4,fire
542505,5,sagar
542504,1,death
542504,2,health
542504,3,total
542504,4,covid
542504,5,state
542503,1,eyelash
542503,2,record
542503,3,world
542503,4,guinness
542503,5,longer
542501,1,nikhil
542501,2,nusrat
542501,3,husband
542501,4,post
542501,5,nusrats
542500,1,djokovic
542500,2,nadal
542500,3,match
542500,4,set
542500,5,final
542499,1,child
542499,2,covid
542499,3,orphan
542499,4,lost
542499,5,bccl
542497,1,chellam
542497,2,show
542497,3,character
542497,4,sir
542497,5,surprised
542496,1,tesla
542496,2,model
542496,3,range
542496,4,indian
542496,5,long
542495,1,wedding
542495,2,bride
542495,3,groom
542495,4,video
542495,5,sister
542494,1,covid
542494,2,number
542494,3,child
542494,4,state
542494,5,officer
542491,1,game
542491,2,development
542491,3,seema
542491,4,woman
542491,5,break
542489,1,day
542489,2,dad
542489,3,father
542489,4,rajma
542489,5,chawal
542487,1,tree
542487,2,mumbai
542487,3,save
542487,4,kangana
542487,5,clean
542486,1,covid
542486,2,read
542486,3,year
542486,4,death
542486,5,mumbai
542485,1,tall
542485,2,wish
542485,3,video
542485,4,look
542485,5,see
542483,1,vaccine
542483,2,body
542483,3,vaccinated
542483,4,magnet
542483,5,metal
542482,1,pakistan
542482,2,court
542482,3,national
542482,4,jadhav
542482,5,bill
542481,1,show
542481,2,reality
542481,3,tera
542481,4,actress
542481,5,making
542480,1,movie
542480,2,show
542480,3,character
542480,4,film
542480,5,played
542477,1,vikas
542477,2,gupta
542477,3,parth
542477,4,samthaan
542477,5,dated
542476,1,google
542476,2,gun
542476,3,map
542476,4,kennedy
542476,5,news
542475,1,family
542475,2,actor
542475,3,film
542475,4,appreciation
542475,5,hard
542473,1,bharat
542473,2,biotech
542473,3,vaccine
542473,4,covaxin
542473,5,eua
542472,1,tera
542472,2,aap
542472,3,ki
542472,4,himesh
542472,5,reshammiya
542470,1,raj
542470,2,french
542470,3,visa
542470,4,nriaffairs
542470,5,france
542469,1,accused
542469,2,girl
542469,3,minor
542469,4,video
542469,5,police
542467,1,plastic
542467,2,silk
542467,3,protein
542467,4,spider
542467,5,barbie
542465,1,city
542465,2,soma
542465,3,japan
542465,4,local
542465,5,shot
542464,1,sushant
542464,2,dance
542464,3,remo
542464,4,dancer
542464,5,bollywood
542463,1,building
542463,2,mumbai
542463,3,incident
542463,4,collapse
542463,5,house
542460,1,audi
542460,2,virat
542460,3,kohli
542460,4,brand
542460,5,association
542459,1,mine
542459,2,coal
542459,3,inside
542459,4,operation
542459,5,district
542457,1,cheetah
542457,2,condition
542457,3,officer
542457,4,hospital
542457,5,doctor
542456,1,dog
542456,2,ambulance
542456,3,owner
542456,4,woman
542456,5,anadolu
542455,1,relationship
542455,2,woman
542455,3,divorce
542455,4,ryan
542455,5,toxic
542453,1,taapsee
542453,2,trailer
542453,3,film
542453,4,youtube
542453,5,girl
542452,1,vaccination
542452,2,infection
542452,3,report
542452,4,natural
542452,5,covid
542449,1,dad
542449,2,job
542449,3,desi
542449,4,parent
542449,5,father
542446,1,child
542446,2,mask
542446,3,wave
542446,4,wear
542446,5,covid
542445,1,employee
542445,2,percent
542445,3,home
542445,4,indian
542445,5,office
542441,1,actress
542441,2,vidya
542441,3,balan
542441,4,stereotype
542441,5,come
542437,1,film
542437,2,audience
542437,3,pant
542437,4,festival
542437,5,siff
542436,1,atm
542436,2,bank
542436,3,transaction
542436,4,customer
542436,5,fee
542435,1,hotel
542435,2,g
542435,3,england
542435,4,staff
542435,5,million
542435,1,hotel
542435,2,g
542435,3,england
542435,4,staff
542435,5,million
542433,1,picture
542433,2,bindi
542433,3,bad
542433,4,internet
542433,5,forehead
542432,1,covid
542432,2,death
542432,3,number
542432,4,toll
542432,5,june
542429,1,show
542429,2,reality
542429,3,judge
542429,4,soon
542429,5,singer
542428,1,data
542428,2,cowin
542428,3,fake
542428,4,million
542428,5,leak
542427,1,video
542427,2,fitness
542427,3,lady
542427,4,goal
542427,5,lifting
542426,1,captain
542426,2,squad
542426,3,yadav
542426,4,pandya
542426,5,wicket
542424,1,plant
542424,2,oxygen
542424,3,sonu
542424,4,sood
542424,5,life
542423,1,leptospirosis
542423,2,mumbai
542423,3,year
542423,4,monsoon
542423,5,rain
542422,1,card
542422,2,name
542422,3,communism
542422,4,wedding
542422,5,groom
542421,1,covid
542421,2,health
542421,3,death
542421,4,report
542421,5,infection
542418,1,pandemic
542418,2,host
542418,3,world
542418,4,event
542418,5,covid
542417,1,fruit
542417,2,chocolate
542417,3,indian
542417,4,natural
542417,5,flavoured
542416,1,dad
542416,2,gift
542416,3,father
542416,4,love
542416,5,kit
542415,1,role
542415,2,chellam
542415,3,mahesh
542415,4,chellamsir
542415,5,sir
542412,1,arctic
542412,2,siberia
542412,3,rotifer
542412,4,read
542412,5,multicellular
542411,1,record
542411,2,push
542411,3,ups
542411,4,world
542411,5,day
542408,1,lost
542408,2,arunachal
542408,3,mother
542408,4,say
542408,5,father
542407,1,love
542407,2,show
542407,3,another
542407,4,kunal
542407,5,played
542406,1,produce
542406,2,priest
542406,3,aadhaar
542406,4,government
542406,5,sell
542405,1,covid
542405,2,brain
542405,3,neurologist
542405,4,today
542405,5,small
542403,1,apps
542403,2,bank
542403,3,money
542403,4,power
542403,5,based
542401,1,read
542401,2,river
542401,3,cowin
542401,4,use
542401,5,mumbai
542399,1,walking
542399,2,pace
542399,3,google
542399,4,walk
542399,5,faster
542398,1,video
542398,2,delhi
542398,3,rapper
542398,4,police
542398,5,old
542397,1,halibut
542397,2,fish
542397,3,size
542397,4,campbell
542397,5,market
542392,1,delivery
542392,2,bishnupriya
542392,3,family
542392,4,food
542392,5,lockdown
542387,1,loki
542387,2,scene
542387,3,episode
542387,4,watching
542387,5,spoiler
542383,1,employee
542383,2,facebook
542383,3,remotely
542383,4,office
542383,5,year
542381,1,indian
542381,2,american
542381,3,report
542381,4,discrimination
542381,5,born
542378,1,car
542378,2,doolan
542378,3,mayo
542378,4,mayonnaise
542378,5,blocking
542377,1,cent
542377,2,wastage
542377,3,lakh
542377,4,vaccine
542377,5,reported
542376,1,child
542376,2,labour
542376,3,million
542376,4,number
542376,5,labourer
542375,1,phone
542375,2,woman
542375,3,mobile
542375,4,girl
542375,5,commission
542373,1,doctor
542373,2,pregnant
542373,3,shivani
542373,4,lakhanpur
542373,5,covid
542372,1,game
542372,2,physical
542372,3,education
542372,4,child
542372,5,traditional
542371,1,testing
542371,2,worker
542371,3,covid
542371,4,village
542371,5,rural
542369,1,bungalow
542369,2,retreat
542369,3,bengal
542369,4,area
542369,5,fraser
542368,1,always
542368,2,irani
542368,3,mother
542368,4,star
542368,5,sharp
542366,1,outage
542366,2,network
542366,3,website
542366,4,fastly
542366,5,internet
542365,1,day
542365,2,mensxp
542365,3,dad
542365,4,love
542365,5,father
542363,1,video
542363,2,oudah
542363,3,sign
542363,4,language
542363,5,everyone
542360,1,family
542360,2,sajitha
542360,3,rahman
542360,4,parent
542360,5,home
542359,1,match
542359,2,olimpia
542359,3,player
542359,4,pitch
542359,5,football
542357,1,child
542357,2,guideline
542357,3,covid
542357,4,mask
542357,5,use
542355,1,plea
542355,2,singh
542355,3,rajput
542355,4,movie
542355,5,project
542354,1,shivanand
542354,2,vaccine
542354,3,centre
542354,4,dose
542354,5,staff
542353,1,sq
542353,2,km
542353,3,area
542353,4,report
542353,5,baghjan
542352,1,death
542352,2,covid
542352,3,state
542352,4,fatality
542352,5,bihar
542350,1,jio
542350,2,vaccine
542350,3,vaccination
542350,4,chatbot
542350,5,number
542349,1,shark
542349,2,fish
542349,3,watson
542349,4,three
542349,5,away
542348,1,manu
542348,2,school
542348,3,university
542348,4,class
542348,5,stanford
542347,1,wage
542347,2,tiger
542347,3,worker
542347,4,reserve
542347,5,strike
542346,1,cowin
542346,2,vaccination
542346,3,status
542346,4,certificate
542346,5,aarogya
542344,1,poem
542344,2,editorial
542344,3,anti
542344,4,gujarati
542344,5,ganga
542343,1,building
542343,2,incident
542343,3,person
542343,4,mumbai
542343,5,injured
542342,1,ronaldo
542342,2,game
542342,3,june
542342,4,portugal
542342,5,scored
542341,1,guangzhou
542341,2,city
542341,3,area
542341,4,coronavirus
542341,5,authority
542340,1,june
542340,2,delhi
542340,3,pradesh
542340,4,monsoon
542340,5,rain
542339,1,asian
542339,2,game
542339,3,gold
542339,4,dingko
542339,5,singh
542338,1,modi
542338,2,pm
542338,3,beard
542338,4,must
542338,5,prime
542337,1,ramdev
542337,2,covid
542337,3,yoga
542337,4,ayurveda
542337,5,vaccinated
542336,1,oxygen
542336,2,plant
542336,3,hospital
542336,4,sonu
542336,5,problem
542332,1,arrested
542332,2,allegedly
542332,3,husband
542332,4,penis
542332,5,according
542331,1,vaccination
542331,2,covid
542331,3,cowin
542331,4,wednesday
542331,5,lakh
542329,1,g
542329,2,juhi
542329,3,chawla
542329,4,petition
542329,5,safe
542326,1,woman
542326,2,accused
542326,3,profile
542326,4,social
542326,5,rejected
542324,1,g
542324,2,technology
542324,3,asking
542324,4,juhi
542324,5,chawla
542323,1,sticker
542323,2,instagram
542323,3,shiva
542323,4,complaint
542323,5,social
542322,1,list
542322,2,th
542322,3,ambani
542322,4,adani
542322,5,richest
542319,1,woman
542319,2,officer
542319,3,army
542319,4,aviation
542319,5,helicopter
542317,1,eclipse
542317,2,part
542317,3,solar
542317,4,moon
542317,5,north
542316,1,actor
542316,2,kangana
542316,3,ranaut
542316,4,film
542316,5,nusrat
542314,1,vaccinated
542314,2,vaccine
542314,3,covid
542314,4,madhya
542314,5,video
542313,1,feed
542313,2,monkey
542313,3,life
542313,4,constable
542313,5,initiative
542312,1,vaccine
542312,2,injection
542312,3,partner
542312,4,video
542312,5,taking
542311,1,nusrat
542311,2,jahan
542311,3,nikhil
542311,4,jain
542311,5,statement
542310,1,facebook
542310,2,suvo
542310,3,live
542310,4,session
542310,5,fan
542308,1,read
542308,2,day
542308,3,covid
542308,4,groom
542308,5,bride
542306,1,family
542306,2,well
542306,3,amazon
542306,4,prime
542306,5,bajpayee
542305,1,bosnian
542305,2,crime
542305,3,judgment
542305,4,former
542305,5,court
542304,1,app
542304,2,depression
542304,3,espy
542304,4,wilson
542304,5,professor
542302,1,skunk
542302,2,police
542302,3,officer
542302,4,animal
542302,5,constable
542300,1,police
542300,2,drug
542300,3,medicine
542300,4,counterfeit
542300,5,meerut
542299,1,kangana
542299,2,ranaut
542299,3,tax
542299,4,release
542299,5,film
542297,1,together
542297,2,vicky
542297,3,kaushal
542297,4,katrina
542297,5,kaifs
542296,1,birth
542296,2,record
542296,3,sithole
542296,4,baby
542296,5,gave
542295,1,cryptocurrency
542295,2,deal
542295,3,buyer
542295,4,transaction
542295,5,million
542294,1,farmer
542294,2,animal
542294,3,kumar
542294,4,sensor
542294,5,field
542290,1,internet
542290,2,indian
542290,3,world
542290,4,prince
542290,5,government
542287,1,eachrs
542287,2,bbp
542287,3,animal
542287,4,zoo
542287,5,lockdown
542286,1,science
542286,2,foam
542286,3,gas
542286,4,polyurethane
542286,5,award
542285,1,priyanka
542285,2,chopra
542285,3,g
542285,4,country
542285,5,jonas
542283,1,food
542283,2,combination
542283,3,trend
542283,4,chip
542283,5,curry
542282,1,bride
542282,2,groom
542282,3,refused
542282,4,called
542282,5,district
542281,1,sushant
542281,2,rajput
542281,3,death
542281,4,acquaintance
542281,5,unique
542278,1,coronil
542278,2,patanjali
542278,3,health
542278,4,nepal
542278,5,medicine
542277,1,tax
542277,2,income
542277,3,paid
542277,4,richest
542277,5,report
542276,1,air
542276,2,force
542276,3,covid
542276,4,indian
542276,5,station
542275,1,co
542275,2,million
542275,3,emission
542275,4,year
542275,5,atmosphere
542274,1,population
542274,2,state
542274,3,pradesh
542274,4,cent
542274,5,day
542273,1,film
542273,2,festival
542273,3,actor
542273,4,tillotama
542273,5,shome
542271,1,elephant
542271,2,covid
542271,3,sample
542271,4,camp
542271,5,positive
542270,1,mask
542270,2,without
542270,3,mumbai
542270,4,spotted
542270,5,police
542269,1,cicada
542269,2,car
542269,3,driver
542269,4,crash
542269,5,police
542267,1,mumbai
542267,2,monsoon
542267,3,imd
542267,4,heavy
542267,5,suburb
542265,1,state
542265,2,death
542265,3,maharashtra
542265,4,covid
542265,5,monday
542264,1,tweet
542264,2,ago
542264,3,anderson
542264,4,ollie
542264,5,robinson
542261,1,whatsapp
542261,2,feature
542261,3,message
542261,4,playback
542261,5,speed
542260,1,loki
542260,2,tom
542260,3,hiddleston
542260,4,wilson
542260,5,show
542259,1,ioa
542259,2,apparel
542259,3,athlete
542259,4,sport
542259,5,respecting
542257,1,highway
542257,2,woman
542257,3,blocked
542257,4,landslide
542257,5,gangotri
542256,1,want
542256,2,court
542256,3,sushil
542256,4,arrested
542256,5,delhi
542255,1,vaccine
542255,2,state
542255,3,centre
542255,4,covid
542255,5,private
542252,1,state
542252,2,washington
542252,3,vaccine
542252,4,jab
542252,5,free
542250,1,police
542250,2,face
542250,3,mask
542250,4,distancing
542250,5,delhi
542249,1,sapling
542249,2,pandemic
542249,3,environment
542249,4,nishanth
542249,5,covid
542248,1,builder
542248,2,house
542248,3,dispute
542248,4,home
542248,5,holiday
542244,1,role
542244,2,film
542244,3,samantha
542244,4,performance
542244,5,akkineni
542243,1,season
542243,2,heist
542243,3,show
542243,4,character
542243,5,money
542242,1,without
542242,2,real
542242,3,best
542242,4,solve
542242,5,together
542242,1,without
542242,2,real
542242,3,best
542242,4,solve
542242,5,together
542241,1,police
542241,2,operation
542241,3,drug
542241,4,australian
542241,5,federal
542240,1,covid
542240,2,tuesday
542240,3,death
542240,4,toll
542240,5,health
542234,1,pete
542234,2,pub
542234,3,tim
542234,4,stranger
542234,5,happened
542233,1,state
542233,2,goa
542233,3,tourism
542233,4,covid
542233,5,industry
542231,1,khan
542231,2,hai
542231,3,ka
542231,4,salman
542231,5,critic
542230,1,read
542230,2,covid
542230,3,government
542230,4,land
542230,5,forest
542229,1,elephant
542229,2,herd
542229,3,long
542229,4,kunming
542229,5,wild
542228,1,ka
542228,2,bollywood
542228,3,tweet
542228,4,acting
542228,5,nahi
542226,1,ray
542226,2,kay
542226,3,story
542226,4,manoj
542226,5,bajpayee
542224,1,apple
542224,2,million
542224,3,lawsuit
542224,4,photo
542224,5,posted
542221,1,vaccine
542221,2,different
542221,3,student
542221,4,covid
542221,5,covaxin
542220,1,evelyn
542220,2,tushaan
542220,3,friend
542220,4,pandemic
542220,5,wedding
542219,1,maratha
542219,2,reservation
542219,3,minister
542219,4,cent
542219,5,thackeray
542217,1,khalsa
542217,2,aid
542217,3,affected
542217,4,team
542217,5,kit
542214,1,internet
542214,2,service
542214,3,outage
542214,4,website
542214,5,online
542213,1,lecture
542213,2,khilanani
542213,3,white
542213,4,york
542213,5,online
542213,1,lecture
542213,2,khilanani
542213,3,white
542213,4,york
542213,5,online
542212,1,dharmendra
542212,2,actor
542212,3,happy
542212,4,swimming
542212,5,health
542210,1,paul
542210,2,floyd
542210,3,mayweather
542210,4,logan
542210,5,bout
542209,1,sapling
542209,2,ganja
542209,3,plant
542209,4,youth
542209,5,kerala
542208,1,video
542208,2,kolkata
542208,3,talent
542208,4,artist
542208,5,difficult
542207,1,hotel
542207,2,hyatt
542207,3,mumbai
542207,4,operation
542207,5,covid
542206,1,skin
542206,2,raji
542206,3,samantha
542206,4,show
542206,5,criticism
542201,1,covid
542201,2,dos
542201,3,health
542201,4,minister
542201,5,country
542199,1,aarey
542199,2,save
542199,3,mumbai
542199,4,government
542199,5,forest
542193,1,water
542193,2,pier
542193,3,child
542193,4,beach
542193,5,wave
542192,1,vaccine
542192,2,national
542192,3,policy
542192,4,immunization
542192,5,program
542191,1,kareena
542191,2,khan
542191,3,kapoor
542191,4,sita
542191,5,bollywood
542187,1,khaana
542187,2,chahiye
542187,3,meal
542187,4,lockdown
542187,5,day
542186,1,ka
542186,2,salman
542186,3,krk
542186,4,khan
542186,5,bollywood
542184,1,ramgobin
542184,2,lata
542184,3,maharaj
542184,4,netcare
542184,5,gandhi
542182,1,court
542182,2,forest
542182,3,land
542182,4,bench
542182,5,state
542180,1,hospital
542180,2,doctor
542180,3,surgery
542180,4,police
542180,5,butt
542179,1,policy
542179,2,state
542179,3,vaccine
542179,4,centre
542179,5,government
542178,1,cat
542178,2,door
542178,3,well
542178,4,stray
542178,5,day
542176,1,mohit
542176,2,raina
542176,3,four
542176,4,actor
542176,5,police
542175,1,seher
542175,2,bollywood
542175,3,side
542175,4,swara
542175,5,bhasker
542171,1,restaurant
542171,2,prasad
542171,3,year
542171,4,couple
542171,5,open
542170,1,patient
542170,2,hospital
542170,3,oxygen
542170,4,april
542170,5,video
542169,1,nithyananda
542169,2,covid
542169,3,land
542169,4,kailasa
542169,5,island
542167,1,covishield
542167,2,travel
542167,3,dose
542167,4,government
542167,5,administration
542166,1,om
542166,2,exam
542166,3,bihar
542166,4,topped
542166,5,service
542164,1,beer
542164,2,country
542164,3,nato
542164,4,afghanistan
542164,5,german
542163,1,covid
542163,2,day
542163,3,death
542163,4,number
542163,5,total
542161,1,covid
542161,2,video
542161,3,mumbai
542161,4,center
542161,5,patient
542160,1,brother
542160,2,loved
542160,3,thankful
542160,4,mahhi
542160,5,n
542159,1,video
542159,2,head
542159,3,try
542159,4,degree
542159,5,attempt
542158,1,olympic
542158,2,medal
542158,3,sushil
542158,4,charter
542158,5,ioc
542157,1,goal
542157,2,overall
542157,3,list
542157,4,chhetri
542157,5,nd
542156,1,face
542156,2,day
542156,3,woman
542156,4,kota
542156,5,green
542155,1,covid
542155,2,week
542155,3,lowest
542155,4,march
542155,5,toithe
542152,1,video
542152,2,viral
542152,3,doctor
542152,4,young
542152,5,singing
542151,1,fawad
542151,2,pakistani
542151,3,khan
542151,4,marvel
542151,5,well
542148,1,truck
542148,2,scooter
542148,3,police
542148,4,tow
542148,5,massive
542147,1,parineeti
542147,2,chopra
542147,3,film
542147,4,bollywood
542147,5,actor
542145,1,season
542145,2,cockroach
542145,3,actor
542145,4,act
542145,5,led
542144,1,jeff
542144,2,bezos
542144,3,blue
542144,4,origin
542144,5,space
542142,1,film
542142,2,set
542142,3,khan
542142,4,fan
542142,5,tiger
542141,1,vaccine
542141,2,free
542141,3,state
542141,4,government
542141,5,pm
542140,1,game
542140,2,ludo
542140,3,court
542140,4,skill
542140,5,bombay
542137,1,variant
542137,2,b
542137,3,hamster
542137,4,syrian
542137,5,infected
542136,1,read
542136,2,state
542136,3,food
542136,4,day
542136,5,farmer
542135,1,monalisa
542135,2,woman
542135,3,youtube
542135,4,horse
542135,5,riding
542134,1,gender
542134,2,student
542134,3,measure
542134,4,lgbtqia
542134,5,community
542133,1,covid
542133,2,allowed
542133,3,shop
542133,4,government
542133,5,district
542130,1,action
542130,2,samantha
542130,3,akkineni
542130,4,documentary
542130,5,eelam
542129,1,swara
542129,2,bhasker
542129,3,bollywood
542129,4,love
542129,5,divya
542128,1,police
542128,2,operation
542128,3,kerala
542128,4,child
542128,5,state
542126,1,food
542126,2,health
542126,3,world
542126,4,safe
542126,5,organisation
542125,1,love
542125,2,chinese
542125,3,race
542125,4,racist
542125,5,singaporean
542123,1,area
542123,2,village
542123,3,vaccination
542123,4,vaccinated
542123,5,masoodi
542122,1,police
542122,2,statement
542122,3,actor
542122,4,pearl
542122,5,puri
542120,1,team
542120,2,pandemic
542120,3,needy
542120,4,cop
542120,5,police
542118,1,mango
542118,2,noorjahan
542118,3,fruit
542118,4,variety
542118,5,year
542117,1,sonali
542117,2,life
542117,3,bendre
542117,4,cancer
542117,5,diagnosis
542116,1,trump
542116,2,carolina
542116,3,president
542116,4,north
542116,5,republican
542111,1,village
542111,2,district
542111,3,vaccinated
542111,4,vaccination
542111,5,cent
542110,1,chellamsir
542110,2,sir
542110,3,chellam
542110,4,familyman
542110,5,actually
542108,1,fried
542108,2,food
542108,3,ordered
542108,4,chicken
542108,5,deep
542107,1,wedding
542107,2,actor
542107,3,cockroach
542107,4,ceremony
542107,5,fan
542105,1,manoj
542105,2,bajpayee
542105,3,season
542105,4,family
542105,5,able
542104,1,farmer
542104,2,tikait
542104,3,police
542104,4,station
542104,5,leader
542103,1,robinson
542103,2,test
542103,3,england
542103,4,cricket
542103,5,game
542102,1,match
542102,2,federer
542102,3,roger
542102,4,slam
542102,5,french
542101,1,e
542101,2,filing
542101,3,tax
542101,4,website
542101,5,portal
542099,1,vaccine
542099,2,hiv
542099,3,virus
542099,4,cell
542099,5,covid
542097,1,local
542097,2,jihadist
542097,3,civilian
542097,4,saturday
542097,5,solhan
542095,1,kannada
542095,2,amazon
542095,3,kannadigas
542095,4,colour
542095,5,flag
542093,1,tourism
542093,2,country
542093,3,spain
542093,4,state
542093,5,covid
542092,1,nord
542092,2,oneplus
542092,3,ce
542092,4,g
542092,5,launch
542091,1,state
542091,2,study
542091,3,covishield
542091,4,covaxin
542091,5,vaccine
542088,1,cred
542088,2,internship
542088,3,video
542088,4,linkedin
542088,5,avkash
542087,1,burnout
542087,2,job
542087,3,feel
542087,4,exhaustion
542087,5,mental
542086,1,indian
542086,2,pakistan
542086,3,home
542086,4,jail
542086,5,prisoner
542085,1,heist
542085,2,money
542085,3,part
542085,4,season
542085,5,la
542084,1,bhi
542084,2,initiative
542084,3,suniel
542084,4,shetty
542084,5,dawa
542083,1,girl
542083,2,car
542083,3,west
542083,4,parent
542083,5,sister
542082,1,performance
542082,2,family
542082,3,thefamilyman
542082,4,role
542082,5,samantha
542080,1,antigua
542080,2,choksi
542080,3,dominica
542080,4,authority
542080,5,law
542078,1,read
542078,2,child
542078,3,state
542078,4,day
542078,5,covid
542077,1,actor
542077,2,married
542077,3,sex
542077,4,marriage
542077,5,hai
542076,1,lakshadweep
542076,2,development
542076,3,former
542076,4,minister
542076,5,regulation
542075,1,dilip
542075,2,actor
542075,3,kumar
542075,4,recovery
542075,5,legendary
542074,1,video
542074,2,sacrifice
542074,3,covid
542074,4,pandemic
542074,5,child
542073,1,tiger
542073,2,reserve
542073,3,km
542073,4,area
542073,5,leopard
542071,1,child
542071,2,sam
542071,3,malnutrition
542071,4,rise
542071,5,pradesh
542070,1,sdg
542070,2,sdgs
542070,3,state
542070,4,country
542070,5,rank
542066,1,gucci
542066,2,crocs
542066,3,design
542066,4,look
542066,5,brand
542065,1,police
542065,2,ashraf
542065,3,kanpur
542065,4,men
542065,5,mechanic
542063,1,maulvi
542063,2,mosque
542063,3,ahmadullah
542063,4,shah
542063,5,singh
542061,1,intimate
542061,2,ceremony
542061,3,bollywood
542061,4,actor
542061,5,yami
542060,1,artemis
542060,2,moon
542060,3,spacecraft
542060,4,space
542060,5,iyer
542057,1,state
542057,2,environmental
542057,3,effort
542057,4,uttarakhand
542057,5,gross
542056,1,show
542056,2,parent
542056,3,zindagigulzarhai
542056,4,fawadkhan
542056,5,sanamsaeed
542055,1,ramu
542055,2,village
542055,3,forced
542055,4,chair
542055,5,person
542054,1,parking
542054,2,spot
542054,3,car
542054,4,amount
542054,5,hong
542053,1,actor
542053,2,pearl
542053,3,minor
542053,4,ekta
542053,5,kapoor
542048,1,onir
542048,2,queer
542048,3,day
542048,4,ago
542048,5,user
542047,1,mutation
542047,2,virus
542047,3,variant
542047,4,report
542047,5,study
542046,1,woman
542046,2,wear
542046,3,parliament
542046,4,mp
542046,5,however
542045,1,circular
542045,2,language
542045,3,malayalam
542045,4,nurse
542045,5,use
542042,1,group
542042,2,poor
542042,3,girl
542042,4,food
542042,5,lead
542041,1,england
542041,2,win
542041,3,list
542041,4,favourite
542041,5,euro
542040,1,milkha
542040,2,singh
542040,3,icu
542040,4,pgimer
542040,5,hospital
542039,1,federer
542039,2,open
542039,3,knee
542039,4,french
542039,5,play
542038,1,vaccinated
542038,2,pakistan
542038,3,assignment
542038,4,visa
542038,5,country
542037,1,day
542037,2,look
542037,3,body
542037,4,unrealistic
542037,5,weight
542034,1,passenger
542034,2,plane
542034,3,delta
542034,4,flight
542034,5,los
542032,1,fan
542032,2,post
542032,3,nature
542032,4,bollywood
542032,5,real
542028,1,camera
542028,2,karan
542028,3,nisha
542028,4,switched
542028,5,mehra
542027,1,twitter
542027,2,platform
542027,3,ministry
542027,4,rule
542027,5,comply
542026,1,football
542026,2,cindy
542026,3,sport
542026,4,heel
542026,5,ball
542025,1,coronavirus
542025,2,recovery
542025,3,virus
542025,4,recovering
542025,5,felt
542024,1,icc
542024,2,cricket
542024,3,oman
542024,4,bcci
542024,5,world
542023,1,country
542023,2,read
542023,3,delhi
542023,4,college
542023,5,fully
542021,1,vaccine
542021,2,biological
542021,3,e
542021,4,priced
542021,5,corbevax
542020,1,cast
542020,2,reunion
542020,3,david
542020,4,schwimmer
542020,5,huddle
542019,1,mine
542019,2,coal
542019,3,water
542019,4,miner
542019,5,metre
542016,1,heist
542016,2,finale
542016,3,war
542016,4,part
542016,5,show
542015,1,peter
542015,2,butler
542015,3,school
542015,4,graduation
542015,5,ceremony
542014,1,village
542014,2,district
542014,3,official
542014,4,nanded
542014,5,maharashtra
542013,1,captain
542013,2,lee
542013,3,different
542013,4,wtc
542013,5,final
542012,1,vaccine
542012,2,passport
542012,3,country
542012,4,vaccination
542012,5,abroad
542008,1,cow
542008,2,video
542008,3,wrote
542008,4,animal
542008,5,love
542007,1,cent
542007,2,allowed
542007,3,open
542007,4,level
542007,5,capacity
542006,1,plastic
542006,2,waste
542006,3,brick
542006,4,friend
542006,5,bag
542005,1,child
542005,2,covid
542005,3,parent
542005,4,representational
542005,5,sibling
542004,1,nature
542004,2,pledge
542004,3,day
542004,4,granted
542004,5,save
542003,1,winslet
542003,2,role
542003,3,kate
542003,4,mare
542003,5,played
542002,1,waste
542002,2,biomedical
542002,3,generated
542002,4,cent
542002,5,covid
542001,1,city
542001,2,waste
542001,3,sea
542001,4,small
542001,5,ocean
541999,1,ice
541999,2,sea
541999,3,arctic
541999,4,snow
541999,5,part
541998,1,day
541998,2,wanted
541998,3,go
541998,4,twitter
541998,5,blagged
541997,1,nandu
541997,2,plastic
541997,3,bottle
541997,4,collecting
541997,5,lake
541996,1,college
541996,2,student
541996,3,delhi
541996,4,university
541996,5,fee
541995,1,real
541995,2,friend
541995,3,khan
541995,4,bollywood
541995,5,govinda
541993,1,coal
541993,2,mine
541993,3,proposed
541993,4,mtpa
541993,5,cent
541992,1,pearl
541992,2,v
541992,3,puri
541992,4,arrested
541992,5,news
541991,1,school
541991,2,wearing
541991,3,skirt
541991,4,home
541991,5,policy
541990,1,b
541990,2,covid
541990,3,infection
541990,4,friday
541990,5,government
541989,1,health
541989,2,parent
541989,3,girl
541989,4,little
541989,5,lipavi
541988,1,aarey
541988,2,sapling
541988,3,tree
541988,4,adivasis
541988,5,project
541983,1,love
541983,2,wedding
541983,3,fan
541983,4,newly
541983,5,yami
541981,1,apple
541981,2,iphone
541981,3,q
541981,4,android
541981,5,percent
541977,1,dustbin
541977,2,engineer
541977,3,video
541977,4,lid
541977,5,read
541975,1,read
541975,2,delhi
541975,3,court
541975,4,act
541975,5,tenant
541974,1,film
541974,2,rehana
541974,3,role
541974,4,news
541974,5,bangladesh
541973,1,pride
541973,2,read
541973,3,sticker
541973,4,gay
541973,5,support
541972,1,doctor
541972,2,government
541972,3,pradesh
541972,4,junior
541972,5,madhya
541970,1,court
541970,2,technology
541970,3,g
541970,4,delhi
541970,5,filed
541969,1,nimje
541969,2,family
541969,3,covid
541969,4,bed
541969,5,medicine
541968,1,john
541968,2,wick
541968,3,reef
541968,4,role
541968,5,film
541966,1,sculpture
541966,2,invisible
541966,3,piece
541966,4,nothing
541966,5,garau
541965,1,mohammad
541965,2,test
541965,3,ali
541965,4,khan
541965,5,azam
541963,1,ryinku
541963,2,singh
541963,3,nikumbh
541963,4,covid
541963,5,chanda
541962,1,mucormycosis
541962,2,covid
541962,3,infection
541962,4,black
541962,5,fungus
541961,1,google
541961,2,tracking
541961,3,user
541961,4,apple
541961,5,android
541960,1,karan
541960,2,nisha
541960,3,mehra
541960,4,rawal
541960,5,filed
541958,1,car
541958,2,volvo
541958,3,brand
541958,4,world
541958,5,safety
541958,1,car
541958,2,volvo
541958,3,brand
541958,4,world
541958,5,safety
541956,1,elephant
541956,2,herd
541956,3,kunming
541956,4,city
541956,5,food
541955,1,teacher
541955,2,child
541955,3,sukumaran
541955,4,tribal
541955,5,forest
541954,1,vaccine
541954,2,dose
541954,3,recovered
541954,4,week
541954,5,antibody
541952,1,malik
541952,2,wrestler
541952,3,sumit
541952,4,olympics
541952,5,qualifier
541951,1,rajouri
541951,2,jammu
541951,3,rain
541951,4,army
541951,5,foot
541950,1,elephant
541950,2,omanachettan
541950,3,animal
541950,4,mahout
541950,5,respect
541949,1,rent
541949,2,act
541949,3,tenant
541949,4,landlord
541949,5,premise
541948,1,human
541948,2,dog
541948,3,puppy
541948,4,researcher
541948,5,social
541947,1,police
541947,2,pune
541947,3,book
541947,4,rohan
541947,5,covid
541946,1,yuvika
541946,2,apologised
541946,3,thing
541946,4,word
541946,5,mistake
541943,1,speech
541943,2,smith
541943,3,school
541943,4,abortion
541943,5,paxton
541942,1,entertainment
541942,2,industry
541942,3,content
541942,4,fan
541942,5,cloud
541941,1,lakh
541941,2,khan
541941,3,money
541941,4,member
541941,5,pandemic
541939,1,season
541939,2,heist
541939,3,part
541939,4,money
541939,5,professor
541937,1,farmer
541937,2,law
541937,3,leader
541937,4,talk
541937,5,protest
541935,1,hemkunt
541935,2,covid
541935,3,patient
541935,4,relief
541935,5,camp
541934,1,employee
541934,2,home
541934,3,apple
541934,4,working
541934,5,office
541933,1,turner
541933,2,sophie
541933,3,bi
541933,4,pride
541933,5,story
541932,1,family
541932,2,performance
541932,3,samantha
541932,4,fan
541932,5,actress
541929,1,wave
541929,2,covid
541929,3,third
541929,4,child
541929,5,mumbai
541926,1,swiggy
541926,2,kawasaki
541926,3,h
541926,4,deliver
541926,5,order
541924,1,twitter
541924,2,blue
541924,3,user
541924,4,tweet
541924,5,read
541922,1,kartik
541922,2,film
541922,3,aaryan
541922,4,actor
541922,5,sinha
541921,1,amul
541921,2,milk
541921,3,dairy
541921,4,plant
541921,5,based
541920,1,ali
541920,2,krishnan
541920,3,uae
541920,4,family
541920,5,lulu
541918,1,dog
541918,2,family
541918,3,incident
541918,4,neighbour
541918,5,owner
541917,1,tere
541917,2,nahi
541917,3,ghar
541917,4,ke
541917,5,hoon
541915,1,user
541915,2,app
541915,3,kaagaz
541915,4,document
541915,5,store
541914,1,dog
541914,2,stray
541914,3,feed
541914,4,roti
541914,5,feeding
541913,1,covid
541913,2,country
541913,3,june
541913,4,across
541913,5,crore
541911,1,whatsapp
541911,2,device
541911,3,feature
541911,4,user
541911,5,revealed
541910,1,google
541910,2,search
541910,3,language
541910,4,kannada
541910,5,result
541905,1,report
541905,2,way
541905,3,win
541905,4,wrote
541905,5,radiation
541904,1,positive
541904,2,kangana
541904,3,happy
541904,4,ever
541904,5,remark
541903,1,restaurant
541903,2,tesla
541903,3,service
541903,4,application
541903,5,brand
541902,1,feel
541902,2,sonu
541902,3,sood
541902,4,save
541902,5,someone
541900,1,doctor
541900,2,covid
541900,3,died
541900,4,wave
541900,5,country
541899,1,mehta
541899,2,harshad
541899,3,scam
541899,4,story
541899,5,truly
541898,1,salman
541898,2,krk
541898,3,khan
541898,4,claimed
541898,5,twitter
541897,1,covid
541897,2,read
541897,3,drug
541897,4,hospital
541897,5,patient
541892,1,kurta
541892,2,gucci
541892,3,kaftan
541892,4,selling
541892,5,much
541891,1,law
541891,2,daughter
541891,3,hug
541891,4,positive
541891,5,woman
541890,1,crab
541890,2,blue
541890,3,claw
541890,4,delmarva
541890,5,discovery
541889,1,child
541889,2,state
541889,3,care
541889,4,district
541889,5,need
541888,1,kajol
541888,2,kuch
541888,3,shah
541888,4,rukh
541888,5,khan
541887,1,vaccination
541887,2,transgender
541887,3,community
541887,4,centre
541887,5,trans
541885,1,karan
541885,2,nisha
541885,3,mehra
541885,4,say
541885,5,couple
541884,1,season
541884,2,la
541884,3,casa
541884,4,de
541884,5,papel
541883,1,court
541883,2,dua
541883,3,journalist
541883,4,sedition
541883,5,section
541880,1,week
541880,2,objective
541880,3,board
541880,4,criterion
541880,5,class
541878,1,cobra
541878,2,snake
541878,3,incident
541878,4,liu
541878,5,pant
541877,1,israel
541877,2,tribe
541877,3,lost
541877,4,menashe
541877,5,jew
541875,1,running
541875,2,milind
541875,3,use
541875,4,soman
541875,5,revealed
541874,1,drug
541874,2,delhi
541874,3,gambhir
541874,4,fabiflu
541874,5,gautam
541873,1,sun
541873,2,million
541873,3,degree
541873,4,reactor
541873,5,temperature
541868,1,girl
541868,2,video
541868,3,well
541868,4,see
541868,5,role
541867,1,niti
541867,2,goal
541867,3,score
541867,4,sdg
541867,5,index
541866,1,lamborghini
541866,2,coolant
541866,3,meat
541866,4,left
541866,5,car
541865,1,dog
541865,2,stray
541865,3,feed
541865,4,daily
541865,5,street
541864,1,vaccine
541864,2,sputnik
541864,3,v
541864,4,sii
541864,5,dcgi
541863,1,meeting
541863,2,hearing
541863,3,person
541863,4,court
541863,5,video
541861,1,juhi
541861,2,chawla
541861,3,hearing
541861,4,actress
541861,5,g
541860,1,child
541860,2,wave
541860,3,among
541860,4,mi
541860,5,c
541857,1,vaccine
541857,2,government
541857,3,covid
541857,4,protection
541857,5,sii
541853,1,rotor
541853,2,backpack
541853,3,helicopter
541853,4,person
541853,5,read
541852,1,sana
541852,2,year
541852,3,ana
541852,4,former
541852,5,khan
541851,1,doctor
541851,2,ramdev
541851,3,allopathic
541851,4,wave
541851,5,medicine
541850,1,police
541850,2,criminal
541850,3,singh
541850,4,bjp
541850,5,kanpur
541848,1,series
541848,2,battle
541848,3,kohli
541848,4,test
541848,5,win
541846,1,biological
541846,2,vaccine
541846,3,covid
541846,4,e
541846,5,health
541842,1,nadal
541842,2,federer
541842,3,year
541842,4,rafael
541842,5,burst
541840,1,sinkhole
541840,2,foot
541840,3,farmland
541840,4,mexico
541840,5,puebla
541839,1,college
541839,2,medical
541839,3,engineering
541839,4,girl
541839,5,kumar
541838,1,shroff
541838,2,roaming
541838,3,actor
541838,4,tiger
541838,5,patani
541837,1,club
541837,2,benham
541837,3,fan
541837,4,brentford
541837,5,premier
541836,1,hospital
541836,2,gold
541836,3,bed
541836,4,covid
541836,5,gurdwara
541835,1,love
541835,2,girlfriend
541835,3,meet
541835,4,bhadohi
541835,5,bride
541834,1,vaccine
541834,2,court
541834,3,government
541834,4,production
541834,5,potential
541833,1,ship
541833,2,sri
541833,3,navy
541833,4,oil
541833,5,tow
541832,1,superman
541832,2,bus
541832,3,stunt
541832,4,god
541832,5,tried
541831,1,covid
541831,2,government
541831,3,group
541831,4,wave
541831,5,wednesday
541827,1,expectancy
541827,2,mouse
541827,3,life
541827,4,sirt
541827,5,however
541825,1,soil
541825,2,pesticide
541825,3,organism
541825,4,epa
541825,5,specie
541824,1,relationship
541824,2,girl
541824,3,mx
541824,4,life
541824,5,men
541822,1,journalist
541822,2,application
541822,3,covid
541822,4,april
541822,5,death
541820,1,g
541820,2,film
541820,3,actor
541820,4,chawla
541820,5,court
541818,1,rajesh
541818,2,thats
541818,3,sharma
541818,4,actor
541818,5,ka
541817,1,vaccine
541817,2,centre
541817,3,court
541817,4,vaccination
541817,5,age
541816,1,conjuring
541816,2,devil
541816,3,ed
541816,4,lorraine
541816,5,warren
541814,1,bird
541814,2,tagged
541814,3,bnhs
541814,4,mumbai
541814,5,china
541813,1,read
541813,2,government
541813,3,across
541813,4,potato
541813,5,vaccinated
541812,1,apple
541812,2,cook
541812,3,ceo
541812,4,tim
541812,5,company
541810,1,student
541810,2,board
541810,3,class
541810,4,exam
541810,5,cbse
541809,1,toi
541809,2,long
541809,3,big
541809,4,screen
541809,5,keep
541808,1,husband
541808,2,video
541808,3,covid
541808,4,positive
541808,5,couple
541807,1,sonu
541807,2,nigam
541807,3,show
541807,4,singer
541807,5,amit
541805,1,wave
541805,2,third
541805,3,covid
541805,4,report
541805,5,country
541804,1,dad
541804,2,father
541804,3,drive
541804,4,daughter
541804,5,dressed
541803,1,film
541803,2,kartik
541803,3,prithviraj
541803,4,mehra
541803,5,sena
541800,1,death
541800,2,covid
541800,3,government
541800,4,country
541800,5,wave
541799,1,mare
541799,2,kate
541799,3,winslet
541799,4,feel
541799,5,easttown
541798,1,apple
541798,2,tv
541798,3,app
541798,4,subscription
541798,5,content
541797,1,child
541797,2,covid
541797,3,lost
541797,4,parent
541797,5,data
541795,1,perry
541795,2,year
541795,3,hurwitz
541795,4,day
541795,5,friend
541794,1,court
541794,2,domestic
541794,3,violence
541794,4,wife
541794,5,act
541792,1,salary
541792,2,covid
541792,3,vaccinated
541792,4,district
541792,5,order
541791,1,whale
541791,2,ambergris
541791,3,fisherman
541791,4,yemen
541791,5,treasure
541790,1,jio
541790,2,g
541790,3,year
541790,4,reliance
541790,5,read
541787,1,human
541787,2,lifespan
541787,3,resilience
541787,4,paper
541787,5,blood
541786,1,scene
541786,2,film
541786,3,masturbation
541786,4,bhasker
541786,5,troll
541785,1,momma
541785,2,show
541785,3,son
541785,4,away
541785,5,boyfriend
541783,1,state
541783,2,vaccinated
541783,3,west
541783,4,win
541783,5,vaccine
541782,1,patient
541782,2,hospital
541782,3,covid
541782,4,video
541782,5,bankisole
541780,1,vishal
541780,2,dadlani
541780,3,indian
541780,4,idol
541780,5,coming
541779,1,percent
541779,2,individual
541779,3,home
541779,4,reported
541779,5,remote
541778,1,pakistan
541778,2,prashant
541778,3,police
541778,4,border
541778,5,switzerland
541777,1,cow
541777,2,book
541777,3,dung
541777,4,author
541777,5,point
541776,1,syrian
541776,2,syria
541776,3,assad
541776,4,killed
541776,5,government
541775,1,vaccine
541775,2,dose
541775,3,mixing
541775,4,schedule
541775,5,change
541773,1,radhika
541773,2,adil
541773,3,hussain
541773,4,apte
541773,5,film
541772,1,status
541772,2,user
541772,3,vaccination
541772,4,aarogya
541772,5,setu
541770,1,lunch
541770,2,woman
541770,3,mail
541770,4,day
541770,5,break
541769,1,farmer
541769,2,crop
541769,3,village
541769,4,produce
541769,5,potato
541768,1,day
541768,2,village
541768,3,came
541768,4,vaccine
541768,5,gift
541765,1,china
541765,2,virus
541765,3,human
541765,4,hn
541765,5,reported
541763,1,film
541763,2,prithviraj
541763,3,sena
541763,4,title
541763,5,akshay
541759,1,june
541759,2,ne
541759,3,rainfall
541759,4,likely
541759,5,cyclone
541757,1,drone
541757,2,volcano
541757,3,footage
541757,4,lava
541757,5,video
541755,1,university
541755,2,cbse
541755,3,delhi
541755,4,du
541755,5,admission
541753,1,covid
541753,2,government
541753,3,died
541753,4,warrior
541753,5,virus
541751,1,kartik
541751,2,film
541751,3,aaryan
541751,4,dostana
541751,5,actor
541750,1,djokovic
541750,2,osaka
541750,3,open
541750,4,threatened
541750,5,grand
541749,1,doctor
541749,2,wave
541749,3,covid
541749,4,ima
541749,5,number
541748,1,mehra
541748,2,rawal
541748,3,thing
541748,4,disorder
541748,5,bipolar
541746,1,abinaya
541746,2,apple
541746,3,app
541746,4,year
541746,5,medicine
541745,1,ankle
541745,2,kvitova
541745,3,press
541745,4,match
541745,5,hurt
541743,1,card
541743,2,credit
541743,3,reward
541743,4,income
541743,5,earned
541742,1,variant
541742,2,health
541742,3,strain
541742,4,delta
541742,5,b
541741,1,actor
541741,2,film
541741,3,tv
541741,4,singh
541741,5,show
541740,1,bear
541740,2,dog
541740,3,wall
541740,4,run
541740,5,read
541739,1,covid
541739,2,wave
541739,3,died
541739,4,country
541739,5,death
541737,1,shortage
541737,2,chip
541737,3,world
541737,4,semiconductor
541737,5,global
541735,1,exam
541735,2,student
541735,3,class
541735,4,board
541735,5,decided
541734,1,vaccine
541734,2,alumnus
541734,3,iit
541734,4,council
541734,5,covid
541732,1,space
541732,2,arm
541732,3,station
541732,4,small
541732,5,debris
541727,1,police
541727,2,pandey
541727,3,video
541727,4,incident
541727,5,bride
541724,1,drone
541724,2,delivery
541724,3,telangana
541724,4,medicine
541724,5,vaccine
541723,1,actor
541723,2,toi
541723,3,police
541723,4,milind
541723,5,smoking
541720,1,hen
541720,2,constipation
541720,3,lockdown
541720,4,police
541720,5,essential
541719,1,read
541719,2,covid
541719,3,variant
541719,4,strain
541719,5,named
541718,1,shakespeare
541718,2,william
541718,3,writer
541718,4,died
541718,5,vaccine
541717,1,counselling
541717,2,marriage
541717,3,signature
541717,4,couple
541717,5,divorce
541715,1,fee
541715,2,school
541715,3,annual
541715,4,order
541715,5,delhi
541712,1,sleep
541712,2,percent
541712,3,genetic
541712,4,bed
541712,5,study
541711,1,sample
541711,2,b
541711,3,variant
541711,4,telangana
541711,5,data
541710,1,mare
541710,2,kate
541710,3,winslet
541710,4,easttown
541710,5,town
541709,1,hurt
541709,2,sentiment
541709,3,tandav
541709,4,grover
541709,5,ali
541708,1,khan
541708,2,tweet
541708,3,film
541708,4,called
541708,5,review
541707,1,woman
541707,2,married
541707,3,getting
541707,4,wife
541707,5,police
541706,1,mika
541706,2,singh
541706,3,krk
541706,4,singer
541706,5,khan
541705,1,hn
541705,2,china
541705,3,flu
541705,4,bird
541705,5,avian
541704,1,death
541704,2,actor
541704,3,sushant
541704,4,show
541704,5,rajput
541702,1,milind
541702,2,fitness
541702,3,soman
541702,4,smoker
541702,5,smoking
541700,1,p
541700,2,buy
541700,3,brother
541700,4,idea
541700,5,dad
541698,1,list
541698,2,red
541698,3,country
541698,4,heathrow
541698,5,terminal
541696,1,frog
541696,2,specie
541696,3,guinea
541696,4,green
541696,5,australia
541695,1,bachchan
541695,2,abhishek
541695,3,family
541695,4,amitabh
541695,5,tested
541694,1,video
541694,2,singing
541694,3,parrot
541694,4,frank
541694,5,rock
541693,1,job
541693,2,cent
541693,3,indian
541693,4,wave
541693,5,come
541691,1,iphone
541691,2,leak
541691,3,se
541691,4,apple
541691,5,render
541688,1,patient
541688,2,x
541688,3,ray
541688,4,facility
541688,5,infection
541686,1,body
541686,2,burnt
541686,3,half
541686,4,local
541686,5,kedar
541685,1,video
541685,2,sonu
541685,3,meet
541685,4,seeking
541685,5,financial
541684,1,city
541684,2,covid
541684,3,brazil
541684,4,death
541684,5,serrana
541683,1,stream
541683,2,series
541683,3,netflix
541683,4,amazon
541683,5,prime
541680,1,child
541680,2,covid
541680,3,government
541680,4,positive
541680,5,state
541677,1,great
541677,2,khali
541677,3,read
541677,4,fan
541677,5,comment
541676,1,variant
541676,2,b
541676,3,kappa
541676,4,covid
541676,5,name
541675,1,charging
541675,2,charge
541675,3,xiaomi
541675,4,minute
541675,5,w
541672,1,doctor
541672,2,ramdev
541672,3,covid
541672,4,black
541672,5,day
541671,1,amrita
541671,2,fan
541671,3,rao
541671,4,video
541671,5,character
541669,1,delivery
541669,2,delhi
541669,3,liquor
541669,4,home
541669,5,alcohol
541667,1,siddharth
541667,2,ncb
541667,3,singh
541667,4,sushant
541667,5,rajput
541666,1,couple
541666,2,karan
541666,3,nisha
541666,4,news
541666,5,mehra
541664,1,police
541664,2,video
541664,3,station
541664,4,child
541664,5,incident
541662,1,dominica
541662,2,choksi
541662,3,antigua
541662,4,claimed
541662,5,taken
541660,1,vietnam
541660,2,variant
541660,3,city
541660,4,church
541660,5,hybrid
541659,1,twitter
541659,2,intermediary
541659,3,rule
541659,4,guideline
541659,5,issued
541658,1,liquor
541658,2,delhi
541658,3,delivery
541658,4,mobile
541658,5,web
541657,1,medicine
541657,2,bengaluru
541657,3,son
541657,4,anand
541657,5,village
541655,1,ring
541655,2,lake
541655,3,patel
541655,4,hosking
541655,5,water
541653,1,kohli
541653,2,diet
541653,3,vegan
541653,4,fan
541653,5,claimed
541651,1,osaka
541651,2,tournament
541651,3,post
541651,4,see
541651,5,asked
541650,1,state
541650,2,tnn
541650,3,covid
541650,4,monday
541650,5,bcclwith
541647,1,hour
541647,2,venus
541647,3,supersonic
541647,4,jet
541647,5,hypersonic
541644,1,g
541644,2,network
541644,3,cause
541644,4,radiation
541644,5,year
541643,1,father
541643,2,darbhanga
541643,3,jyoti
541643,4,village
541643,5,year
541642,1,kangana
541642,2,dance
541642,3,sunidhi
541642,4,chauhan
541642,5,bodyguard
541641,1,khan
541641,2,salman
541641,3,krk
541641,4,career
541641,5,actor
541639,1,government
541639,2,anandaiah
541639,3,drug
541639,4,medicine
541639,5,covid
541637,1,film
541637,2,yeh
541637,3,jawaani
541637,4,hai
541637,5,deewani
541636,1,cake
541636,2,king
541636,3,birthday
541636,4,mufasa
541636,5,read
541635,1,virus
541635,2,china
541635,3,origin
541635,4,covid
541635,5,report
541634,1,read
541634,2,covid
541634,3,price
541634,4,central
541634,5,vista
541633,1,kartik
541633,2,film
541633,3,actor
541633,4,aaryan
541633,5,production
541631,1,ride
541631,2,video
541631,3,phone
541631,4,kempf
541631,5,viral
541629,1,asteroid
541629,2,distance
541629,3,nasa
541629,4,lakh
541629,5,earth
541628,1,google
541628,2,storage
541628,3,photo
541628,4,image
541628,5,gb
541627,1,colston
541627,2,julian
541627,3,apernah
541627,4,photographer
541627,5,model
541625,1,reunion
541625,2,friend
541625,3,bts
541625,4,justin
541625,5,bieber
541625,1,reunion
541625,2,friend
541625,3,bts
541625,4,justin
541625,5,bieber
541623,1,pig
541623,2,pygmy
541623,3,hog
541623,4,national
541623,5,released
541621,1,malaika
541621,2,note
541621,3,recovery
541621,4,arora
541621,5,tested
541619,1,g
541619,2,technology
541619,3,suit
541619,4,implementation
541619,5,radiation
541617,1,body
541617,2,floating
541617,3,river
541617,4,covid
541617,5,ganga
541616,1,galaxy
541616,2,nasa
541616,3,image
541616,4,black
541616,5,hole
541614,1,court
541614,2,construction
541614,3,delhi
541614,4,project
541614,5,high
541611,1,director
541611,2,filed
541611,3,develop
541611,4,antibody
541611,5,dose
541609,1,walnut
541609,2,kashmir
541609,3,business
541609,4,almond
541609,5,grower
541606,1,covid
541606,2,vaccine
541606,3,centre
541606,4,policy
541606,5,state
541605,1,cloud
541605,2,nasa
541605,3,rover
541605,4,mar
541605,5,colour
541604,1,weight
541604,2,kukrele
541604,3,eating
541604,4,loss
541604,5,training
541602,1,couple
541602,2,balcony
541602,3,fight
541602,4,fighting
541602,5,read
541601,1,antibody
541601,2,cocktail
541601,3,patient
541601,4,covid
541601,5,hospital
541599,1,lara
541599,2,tarzan
541599,3,joe
541599,4,epic
541599,5,adventure
541597,1,offering
541597,2,hong
541597,3,kong
541597,4,million
541597,5,according
541596,1,kangana
541596,2,bodyguard
541596,3,ranaut
541596,4,hegde
541596,5,relationship
541595,1,iphone
541595,2,canal
541595,3,dropped
541595,4,frederik
541595,5,read
541594,1,yoga
541594,2,ramdev
541594,3,doctor
541594,4,allopathic
541594,5,medicine
541593,1,game
541593,2,covid
541593,3,negative
541593,4,test
541593,5,result
541592,1,show
541592,2,guest
541592,3,asked
541592,4,praise
541592,5,contestant
541590,1,vehicle
541590,2,tesla
541590,3,driver
541590,4,steering
541590,5,wheel
541589,1,house
541589,2,college
541589,3,student
541589,4,zoology
541589,5,family
541586,1,company
541586,2,based
541586,3,raw
541586,4,material
541586,5,complainant
541582,1,kg
541582,2,mary
541582,3,kom
541582,4,medal
541582,5,indian
541580,1,sunday
541580,2,death
541580,3,covid
541580,4,week
541580,5,fatality
541575,1,hai
541575,2,career
541575,3,korean
541575,4,dehla
541575,5,vegetarian
541574,1,rajput
541574,2,ncb
541574,3,singh
541574,4,sushant
541574,5,drug
541572,1,tweet
541572,2,user
541572,3,food
541572,4,delivery
541572,5,complain
541571,1,read
541571,2,covid
541571,3,delhi
541571,4,state
541571,5,ready
541570,1,covid
541570,2,cent
541570,3,vaccine
541570,4,vaccinated
541570,5,conducted
541569,1,song
541569,2,jhoom
541569,3,hindi
541569,4,hawayein
541569,5,harry
541568,1,tree
541568,2,mumbai
541568,3,cyclone
541568,4,adopt
541568,5,pit
541567,1,kenya
541567,2,food
541567,3,country
541567,4,aid
541567,5,tonne
541565,1,shirke
541565,2,record
541565,3,drive
541565,4,accident
541565,5,bhilai
541563,1,woman
541563,2,test
541563,3,three
541563,4,ti
541563,5,england
541561,1,disaster
541561,2,pandemic
541561,3,management
541561,4,minister
541561,5,state
541560,1,snake
541560,2,harry
541560,3,rat
541560,4,ceiling
541560,5,house
541559,1,team
541559,2,chelsea
541559,3,champion
541559,4,league
541559,5,ngolo
541558,1,variant
541558,2,b
541558,3,vietnam
541558,4,uk
541558,5,indian
541556,1,monsoon
541556,2,rain
541556,3,likely
541556,4,southern
541556,5,state
541554,1,sood
541554,2,sonu
541554,3,day
541554,4,milk
541554,5,helping
541553,1,twitter
541553,2,friend
541553,3,reunion
541553,4,china
541553,5,lady
541551,1,video
541551,2,dr
541551,3,social
541551,4,user
541551,5,abrol
541550,1,fire
541550,2,hand
541550,3,car
541550,4,driver
541550,5,sanitiser
541548,1,jail
541548,2,convict
541548,3,parole
541548,4,prison
541548,5,bail
541547,1,movie
541547,2,watch
541547,3,love
541547,4,hai
541547,5,film
541546,1,word
541546,2,actress
541546,3,meaning
541546,4,filed
541546,5,video
541545,1,patient
541545,2,ambulance
541545,3,state
541545,4,driver
541545,5,assam
541544,1,film
541544,2,prithviraj
541544,3,padmaavat
541544,4,sena
541544,5,raised
541543,1,dr
541543,2,jha
541543,3,amrendra
541543,4,oxygen
541543,5,hospital
541542,1,delhi
541542,2,government
541542,3,oxygen
541542,4,iit
541542,5,covid
541541,1,search
541541,2,rescue
541541,3,fire
541541,4,passenger
541541,5,ferry
541538,1,meter
541538,2,flow
541538,3,oxygen
541538,4,patient
541538,5,hospital
541535,1,khan
541535,2,salman
541535,3,twitter
541535,4,filed
541535,5,defamation
541534,1,vaccination
541534,2,covid
541534,3,hotel
541534,4,package
541534,5,centre
541530,1,mouse
541530,2,state
541530,3,australia
541530,4,south
541530,5,wale
541530,1,mouse
541530,2,state
541530,3,australia
541530,4,south
541530,5,wale
541529,1,tiger
541529,2,cub
541529,3,old
541529,4,month
541529,5,reserve
541527,1,best
541527,2,word
541527,3,mayawati
541527,4,star
541527,5,known
541526,1,mullins
541526,2,floor
541526,3,reported
541526,4,franklin
541526,5,county
541525,1,khan
541525,2,say
541525,3,mika
541525,4,krk
541525,5,song
541523,1,show
541523,2,friend
541523,3,rachel
541523,4,green
541523,5,fan
541521,1,headstone
541521,2,wade
541521,3,recipe
541521,4,image
541521,5,grave
541520,1,joke
541520,2,richa
541520,3,casteist
541520,4,mayawati
541520,5,randeep
541519,1,read
541519,2,apple
541519,3,litre
541519,4,state
541519,5,citizenship
541518,1,liquor
541518,2,district
541518,3,toll
541518,4,friday
541518,5,died
541517,1,bcci
541517,2,ipl
541517,3,twenty
541517,4,world
541517,5,cup
541516,1,apple
541516,2,disease
541516,3,outbreak
541516,4,scab
541516,5,leaf
541515,1,role
541515,2,neena
541515,3,best
541515,4,part
541515,5,film
541512,1,oil
541512,2,kg
541512,3,price
541512,4,cent
541512,5,edible
541511,1,recovery
541511,2,total
541511,3,rate
541511,4,stand
541511,5,covid
541510,1,soni
541510,2,mother
541510,3,within
541510,4,father
541510,5,district
541509,1,beard
541509,2,singh
541509,3,cut
541509,4,sikh
541509,5,arizona
541507,1,police
541507,2,woman
541507,3,accused
541507,4,sharma
541507,5,mother
541505,1,couple
541505,2,deepa
541505,3,seema
541505,4,mother
541505,5,car
541503,1,doll
541503,2,male
541503,3,want
541503,4,wedding
541503,5,lola
541502,1,army
541502,2,kaul
541502,3,husband
541502,4,dhoundiyal
541502,5,uniform
541498,1,price
541498,2,petrol
541498,3,litre
541498,4,diesel
541498,5,state
541497,1,film
541497,2,actor
541497,3,fan
541497,4,marathi
541497,5,pravin
541496,1,olympic
541496,2,tokyo
541496,3,olympics
541496,4,saina
541496,5,world
541494,1,league
541494,2,city
541494,3,final
541494,4,fan
541494,5,chelsea
541493,1,sonu
541493,2,sood
541493,3,social
541493,4,video
541493,5,considered
541492,1,citizenship
541492,2,act
541492,3,district
541492,4,application
541492,5,rule
541491,1,pheras
541491,2,bride
541491,3,groom
541491,4,ceremony
541491,5,read
541490,1,country
541490,2,union
541490,3,minister
541490,4,swara
541490,5,bhasker
541489,1,limit
541489,2,lower
541489,3,flight
541489,4,domestic
541489,5,minute
541488,1,covid
541488,2,mucormycosis
541488,3,patient
541488,4,blood
541488,5,infection
541487,1,dr
541487,2,doctor
541487,3,friend
541487,4,rahul
541487,5,medical
541486,1,air
541486,2,flight
541486,3,bat
541486,4,delhi
541486,5,aircraft
541485,1,certificate
541485,2,travel
541485,3,vaccination
541485,4,covid
541485,5,order
541484,1,cyclone
541484,2,yaas
541484,3,mother
541484,4,behera
541484,5,village
541483,1,covid
541483,2,friday
541483,3,health
541483,4,country
541483,5,fresh
541482,1,world
541482,2,ai
541482,3,smith
541482,4,government
541482,5,public
541479,1,google
541479,2,woman
541479,3,employee
541479,4,according
541479,5,lawsuit
541475,1,milk
541475,2,dairy
541475,3,amul
541475,4,industry
541475,5,peta
541474,1,wrong
541474,2,side
541474,3,bicycle
541474,4,traffic
541474,5,police
541472,1,matter
541472,2,map
541472,3,dark
541472,4,galaxy
541472,5,scientist
541471,1,covid
541471,2,read
541471,3,paul
541471,4,part
541471,5,patient
541470,1,picture
541470,2,cm
541470,3,secretariat
541470,4,come
541470,5,strength
541468,1,mi
541468,2,c
541468,3,patient
541468,4,covid
541468,5,added
541467,1,show
541467,2,singer
541467,3,season
541467,4,indian
541467,5,idol
541466,1,delhi
541466,2,unlock
541466,3,process
541466,4,lockdown
541466,5,covid
541465,1,rhea
541465,2,chakraborty
541465,3,bollywood
541465,4,actor
541465,5,yet
541463,1,transmission
541463,2,infection
541463,3,covid
541463,4,dead
541463,5,death
541462,1,truck
541462,2,break
541462,3,driver
541462,4,driving
541462,5,fail
541461,1,recovery
541461,2,total
541461,3,rate
541461,4,recorded
541461,5,covid
541460,1,randeep
541460,2,hooda
541460,3,actor
541460,4,bollywood
541460,5,sexist
541459,1,picture
541459,2,wrote
541459,3,follower
541459,4,location
541459,5,sharing
541456,1,day
541456,2,final
541456,3,icc
541456,4,reserve
541456,5,play
541455,1,infection
541455,2,covid
541455,3,antibiotic
541455,4,patient
541455,5,self
541454,1,toll
541454,2,plaza
541454,3,highway
541454,4,queue
541454,5,fastag
541453,1,ryan
541453,2,reynolds
541453,3,mental
541453,4,health
541453,5,reason
541450,1,friend
541450,2,episode
541450,3,indiatimes
541450,4,show
541450,5,life
541447,1,bath
541447,2,foot
541447,3,tub
541447,4,asked
541447,5,water
541441,1,fitbit
541441,2,snoring
541441,3,sleep
541441,4,noise
541441,5,feature
541439,1,day
541439,2,lakh
541439,3,recorded
541439,4,covid
541439,5,infection
541438,1,chutki
541438,2,pooja
541438,3,ruparel
541438,4,post
541438,5,character
541437,1,origin
541437,2,study
541437,3,covid
541437,4,report
541437,5,wuhan
541433,1,actor
541433,2,rajput
541433,3,death
541433,4,sushant
541433,5,singh
541432,1,chai
541432,2,tea
541432,3,video
541432,4,cup
541432,5,go
541431,1,picture
541431,2,actress
541431,3,asha
541431,4,parekh
541431,5,waheeda
541428,1,police
541428,2,accused
541428,3,woman
541428,4,video
541428,5,assam
541425,1,image
541425,2,atom
541425,3,cornell
541425,4,read
541425,5,electron
541421,1,hooda
541421,2,randeep
541421,3,joke
541421,4,woman
541421,5,casteist
541419,1,woman
541419,2,cent
541419,3,menstrual
541419,4,period
541419,5,hygiene
541415,1,dog
541415,2,check
541415,3,parent
541415,4,video
541415,5,run
541411,1,girl
541411,2,mother
541411,3,antonella
541411,4,prosthetic
541411,5,climb
541409,1,england
541409,2,final
541409,3,dev
541409,4,session
541409,5,lord
541408,1,kartik
541408,2,film
541408,3,aaryan
541408,4,dostana
541408,5,shah
541406,1,djokovic
541406,2,tokyo
541406,3,final
541406,4,open
541406,5,olympics
541405,1,college
541405,2,covid
541405,3,jha
541405,4,life
541405,5,st
541403,1,vaccine
541403,2,government
541403,3,paul
541403,4,approval
541403,5,indemnity
541402,1,clinic
541402,2,police
541402,3,doctor
541402,4,staff
541402,5,face
541401,1,antibody
541401,2,infection
541401,3,month
541401,4,cell
541401,5,bone
541400,1,quantum
541400,2,computing
541400,3,application
541400,4,drug
541400,5,classical
541397,1,musk
541397,2,dinosaur
541397,3,spaceship
541397,4,planet
541397,5,might
541396,1,choksi
541396,2,dominica
541396,3,antigua
541396,4,police
541396,5,taken
541395,1,son
541395,2,police
541395,3,year
541395,4,old
541395,5,corpse
541394,1,wedding
541394,2,groom
541394,3,place
541394,4,bride
541394,5,bridge
541393,1,lakh
541393,2,covid
541393,3,thursday
541393,4,daily
541393,5,day
541392,1,far
541392,2,cry
541392,3,game
541392,4,anton
541392,5,character
541389,1,twitter
541389,2,government
541389,3,indian
541389,4,speech
541389,5,platform
541387,1,fusion
541387,2,power
541387,3,energy
541387,4,plant
541387,5,nuclear
541385,1,boy
541385,2,social
541385,3,robin
541385,4,asked
541385,5,hostel
541384,1,stone
541384,2,gallstone
541384,3,bile
541384,4,obesity
541384,5,gall
541382,1,asked
541382,2,mumbai
541382,3,say
541382,4,twitterthis
541382,5,cast
541380,1,covid
541380,2,drug
541380,3,dg
541380,4,drdo
541380,5,available
541379,1,covid
541379,2,facebook
541379,3,content
541379,4,lab
541379,5,report
541377,1,death
541377,2,covid
541377,3,state
541377,4,minister
541377,5,rajasthan
541374,1,episode
541374,2,cast
541374,3,reunion
541374,4,million
541374,5,courteney
541372,1,telecom
541372,2,otp
541372,3,switch
541372,4,service
541372,5,prepaid
541370,1,read
541370,2,day
541370,3,ramdev
541370,4,ration
541370,5,kit
541369,1,film
541369,2,character
541369,3,huma
541369,4,never
541369,5,want
541367,1,video
541367,2,animal
541367,3,cruelty
541367,4,dollar
541367,5,gaurav
541364,1,hero
541364,2,story
541364,3,day
541364,4,social
541364,5,news
541363,1,pichai
541363,2,framework
541363,3,google
541363,4,comply
541363,5,guideline
541362,1,friendsreunion
541362,2,friend
541362,3,character
541362,4,cast
541362,5,tear
541362,1,friendsreunion
541362,2,friend
541362,3,character
541362,4,cast
541362,5,tear
541358,1,body
541358,2,river
541358,3,covid
541358,4,bihar
541358,5,bank
541357,1,child
541357,2,commission
541357,3,right
541357,4,letter
541357,5,show
541356,1,couple
541356,2,flight
541356,3,kissing
541356,4,passenger
541356,5,civil
541353,1,water
541353,2,vegetable
541353,3,chutney
541353,4,food
541353,5,shot
541351,1,jammu
541351,2,rohingyas
541351,3,holding
541351,4,centre
541351,5,rohingya
541350,1,singh
541350,2,taptejdeep
541350,3,rail
541350,4,yard
541350,5,san
541349,1,aniston
541349,2,show
541349,3,friend
541349,4,jennifer
541349,5,award
541348,1,twitter
541348,2,statement
541348,3,manipulated
541348,4,spokesperson
541348,5,sambit
541347,1,b
541347,2,country
541347,3,cent
541347,4,decrease
541347,5,increase
541341,1,dish
541341,2,read
541341,3,chhibber
541341,4,masterchef
541341,5,australia
541336,1,news
541336,2,well
541336,3,aye
541336,4,bhai
541336,5,tune
541331,1,joke
541331,2,hooda
541331,3,randeep
541331,4,say
541331,5,mayawati
541330,1,single
541330,2,neena
541330,3,woman
541330,4,mother
541330,5,day
541329,1,packaging
541329,2,grass
541329,3,fibre
541329,4,plastic
541329,5,biodegradable
541327,1,antibody
541327,2,cocktail
541327,3,monoclonal
541327,4,treatment
541327,5,covid
541326,1,cyclone
541326,2,news
541326,3,wind
541326,4,channel
541326,5,yaas
541325,1,train
541325,2,track
541325,3,station
541325,4,york
541325,5,asian
541323,1,kit
541323,2,day
541323,3,ration
541323,4,need
541323,5,food
541322,1,sushil
541322,2,police
541322,3,wrestler
541322,4,gangster
541322,5,murder
541320,1,season
541320,2,real
541320,3,madrid
541320,4,la
541320,5,liga
541319,1,shirt
541319,2,perry
541319,3,friend
541319,4,vaccinated
541319,5,making
541316,1,district
541316,2,heavy
541316,3,west
541316,4,official
541316,5,state
541314,1,vaccine
541314,2,pfizer
541314,3,indian
541314,4,approval
541314,5,cent
541313,1,ramdev
541313,2,ima
541313,3,vaccine
541313,4,medicine
541313,5,doctor
541312,1,amazon
541312,2,bezos
541312,3,role
541312,4,ceo
541312,5,jeff
541311,1,vaccinated
541311,2,order
541311,3,employee
541311,4,salary
541311,5,tribal
541309,1,student
541309,2,fee
541309,3,pillai
541309,4,educator
541309,5,pay
541308,1,day
541308,2,deshmukh
541308,3,family
541308,4,father
541308,5,riteish
541307,1,milk
541307,2,mother
541307,3,baby
541307,4,breast
541307,5,nagpur
541304,1,antigua
541304,2,choksi
541304,3,barbuda
541304,4,missing
541304,5,dominica
541303,1,crore
541303,2,day
541303,3,covid
541303,4,death
541303,5,lakh
541299,1,platform
541299,2,intermediary
541299,3,privacy
541299,4,social
541299,5,rule
541297,1,certificate
541297,2,image
541297,3,vaccination
541297,4,vaccine
541297,5,covid
541293,1,covid
541293,2,delhi
541293,3,death
541293,4,number
541293,5,positivity
541292,1,bee
541292,2,animal
541292,3,bottle
541292,4,honey
541292,5,video
541291,1,dev
541291,2,actor
541291,3,rajan
541291,4,p
541291,5,unni
541290,1,national
541290,2,crime
541290,3,drug
541290,4,package
541290,5,agency
541287,1,randeep
541287,2,prabhas
541287,3,say
541287,4,youtuber
541287,5,mla
541286,1,read
541286,2,day
541286,3,cyclone
541286,4,wednesday
541286,5,bcclthe
541285,1,ashram
541285,2,mehta
541285,3,raped
541285,4,three
541285,5,day
541283,1,mrunal
541283,2,myself
541283,3,thakur
541283,4,love
541283,5,sonia
541282,1,narayan
541282,2,aditya
541282,3,kumar
541282,4,indian
541282,5,idol
541280,1,film
541280,2,love
541280,3,sheer
541280,4,qorma
541280,5,story
541279,1,drug
541279,2,patient
541279,3,given
541279,4,antibody
541279,5,medanta
541278,1,alcohol
541278,2,whisky
541278,3,covid
541278,4,read
541278,5,spanish
541277,1,priyanka
541277,2,failure
541277,3,strength
541277,4,american
541277,5,spoke
541276,1,recovery
541276,2,total
541276,3,rate
541276,4,covid
541276,5,stand
541275,1,police
541275,2,woman
541275,3,girl
541275,4,gaya
541275,5,raped
541274,1,rural
541274,2,area
541274,3,snack
541274,4,company
541274,5,quality
541273,1,normalizing
541273,2,failure
541273,3,telling
541273,4,okay
541273,5,mistake
541271,1,covid
541271,2,patient
541271,3,infection
541271,4,antibiotic
541271,5,long
541271,1,covid
541271,2,patient
541271,3,infection
541271,4,antibiotic
541271,5,long
541268,1,mark
541268,2,apology
541268,3,committing
541268,4,genocide
541268,5,ruffalo
541267,1,vaccine
541267,2,state
541267,3,government
541267,4,delhi
541267,5,maker
541266,1,ramdev
541266,2,ima
541266,3,doctor
541266,4,yoga
541266,5,guru
541264,1,question
541264,2,paper
541264,3,student
541264,4,education
541264,5,covid
541263,1,oversight
541263,2,villager
541263,3,dos
541263,4,covaxin
541263,5,covishield
541260,1,bride
541260,2,groom
541260,3,read
541260,4,wedding
541260,5,video
541259,1,child
541259,2,adoption
541259,3,government
541259,4,covid
541259,5,parent
541258,1,commissioner
541258,2,court
541258,3,belagavi
541258,4,violation
541258,5,rally
541257,1,covid
541257,2,patient
541257,3,life
541257,4,prabhat
541257,5,yadav
541256,1,vaccine
541256,2,crore
541256,3,pfizer
541256,4,government
541256,5,covid
541255,1,moon
541255,2,tide
541255,3,today
541255,4,indian
541255,5,full
541253,1,woman
541253,2,text
541253,3,message
541253,4,court
541253,5,accused
541252,1,office
541252,2,merchant
541252,3,appeared
541252,4,mark
541252,5,york
541252,1,office
541252,2,merchant
541252,3,appeared
541252,4,mark
541252,5,york
541251,1,vimeo
541251,2,company
541251,3,ceo
541251,4,youtube
541251,5,content
541249,1,prabhas
541249,2,mission
541249,3,impossible
541249,4,speculation
541249,5,tom
541248,1,statue
541248,2,dinosaur
541248,3,de
541248,4,el
541248,5,la
541247,1,joke
541247,2,woman
541247,3,casteist
541247,4,randeep
541247,5,actor
541246,1,mangrove
541246,2,cyclone
541246,3,storm
541246,4,forest
541246,5,odisha
541245,1,bill
541245,2,covid
541245,3,vaccine
541245,4,shakespeare
541245,5,coventry
541244,1,vaccine
541244,2,approval
541244,3,covaxin
541244,4,country
541244,5,bharat
541243,1,orkut
541243,2,social
541243,3,trending
541243,4,intermediary
541243,5,rule
541242,1,dance
541242,2,kumara
541242,3,hospital
541242,4,bengaluru
541242,5,covid
541238,1,flight
541238,2,javeri
541238,3,bhavesh
541238,4,dubai
541238,5,aircraft
541237,1,ticket
541237,2,owner
541237,3,shop
541237,4,fiega
541237,5,million
541235,1,coach
541235,2,sport
541235,3,job
541235,4,level
541235,5,forced
541232,1,rate
541232,2,covid
541232,3,recovery
541232,4,daily
541232,5,cent
541231,1,september
541231,2,bcci
541231,3,official
541231,4,team
541231,5,th
541229,1,tamil
541229,2,trailer
541229,3,primevideo
541229,4,member
541229,5,wait
541229,1,tamil
541229,2,trailer
541229,3,primevideo
541229,4,member
541229,5,wait
541228,1,landfall
541228,2,cyclone
541228,3,kmph
541228,4,area
541228,5,west
541227,1,mx
541227,2,show
541227,3,runaway
541227,4,lugaai
541227,5,episode
541226,1,arunachal
541226,2,para
541226,3,pradesh
541226,4,police
541226,5,punjab
541225,1,youtuber
541225,2,country
541225,3,instagram
541225,4,kriti
541225,5,sanon
541223,1,court
541223,2,social
541223,3,whatsapp
541223,4,legal
541223,5,suit
541222,1,dp
541222,2,nice
541222,3,trending
541222,4,twitter
541222,5,meme
541221,1,lakh
541221,2,active
541221,3,covid
541221,4,state
541221,5,recovery
541212,1,vaccine
541212,2,moderna
541212,3,adolescent
541212,4,covid
541212,5,percent
541211,1,huawei
541211,2,smartphone
541211,3,google
541211,4,android
541211,5,sanction
541210,1,hackney
541210,2,dogecoin
541210,3,coin
541210,4,robinhood
541210,5,price
541207,1,world
541207,2,richest
541207,3,louis
541207,4,vuitton
541207,5,billion
541205,1,ross
541205,2,joey
541205,3,monica
541205,4,friend
541205,5,rachel
541201,1,mask
541201,2,face
541201,3,doctor
541201,4,speaker
541201,5,communicate
541200,1,boat
541200,2,varaprada
541200,3,sea
541200,4,video
541200,5,tug
541199,1,tamil
541199,2,hair
541199,3,done
541199,4,raima
541199,5,father
541197,1,pm
541197,2,book
541197,3,country
541197,4,contribution
541197,5,modis
541196,1,read
541196,2,wave
541196,3,government
541196,4,storm
541196,5,day
541173,1,vehicle
541173,2,autonomous
541173,3,self
541173,4,driving
541173,5,car
541157,1,loc
541157,2,army
541157,3,uri
541157,4,caf
541157,5,post
541129,1,oxygen
541129,2,covid
541129,3,chatbot
541129,4,region
541129,5,initiative
540712,1,rohan
540712,2,philem
540712,3,hungry
540712,4,manipur
540712,5,cycling
540623,1,bank
540623,2,digital
540623,3,currency
540623,4,bitcoin
540623,5,central
539836,1,diamond
539836,2,pandora
539836,3,lab
539836,4,cent
539836,5,mined
538424,1,cocoa
538424,2,mouse
538424,3,fat
538424,4,liver
538424,5,study
536606,1,day
536606,2,microbreaks
536606,3,study
536606,4,employee
536606,5,university
535691,1,internet
535691,2,child
535691,3,service
535691,4,safe
535691,5,study
534032,1,woman
534032,2,scheme
534032,3,child
534032,4,ministry
534032,5,development
526713,1,sock
526713,2,foot
526713,3,zinc
526713,4,study
526713,5,nanoparticles
522490,1,pandemic
522490,2,money
522490,3,emergency
522490,4,job
522490,5,save
521858,1,mar
521858,2,planet
521858,3,red
521858,4,look
521858,5,aditya
510350,1,money
510350,2,broke
510350,3,pay
510350,4,thing
510350,5,bill
510075,1,stock
510075,2,market
510075,3,share
510075,4,company
510075,5,investing
509179,1,insurance
509179,2,loss
509179,3,policy
509179,4,risk
509179,5,property
508890,1,car
508890,2,discount
508890,3,dealer
508890,4,buying
508890,5,though
508274,1,number
508274,2,confirmed
508274,3,lakh
508274,4,covid
508274,5,health
379349,1,couple
379349,2,room
379349,3,hotel
379349,4,police
379349,5,privacy
373991,1,china
373991,2,user
373991,3,million
373991,4,active
373991,5,google
356957,1,battery
356957,2,use
356957,3,ev
356957,4,vehicle
356957,5,might
353607,1,thinley
353607,2,monk
353607,3,life
353607,4,pain
353607,5,monastery
347131,1,watch
347131,2,devdas
347131,3,day
347131,4,jail
347131,5,bradman
339451,1,arrested
339451,2,performed
339451,3,dress
339451,4,provocative
339451,5,video
256241,1,jolie
256241,2,angelina
256241,3,world
256241,4,bee
256241,5,woman
